CreditScore,Geography,Gender,Age,Balance,NumOfProducts,IsActiveMember
402,Spain,Female,25,97419.44,4,0
735,Spain,Female,26,84706.08,4,0
570,Germany,Male,64,2359.5,3,1
406,France,Male,32,89856.06,4,1
371,Spain,Female,65,78319.84,1,1
320,Spain,Male,63,78037.61,2,1
421,France,Male,57,45799.58,2,1
766,Germany,Female,35,39800.53,4,0
514,France,Male,59,30291.57,4,1
630,Germany,Male,37,6569.49,1,1
758,Spain,Female,23,22823.54,3,0
387,Germany,Male,29,24660.36,4,0
672,Spain,Male,19,48407.71,4,1
399,France,Female,24,74744.44,4,1
430,France,Male,33,47380.98,4,0
608,France,Male,20,5784.44,2,1
643,Germany,Female,62,95778.98,4,1
791,Spain,Female,20,94272.43,2,0
713,France,Female,44,78518.95,4,1
685,France,Male,67,99132.79,3,0
491,Spain,Female,60,54448.23,1,0
576,France,Male,57,96276.84,3,0
460,Spain,Female,55,7560.5,4,0
759,Spain,Male,50,36568.07,4,1
613,Spain,Female,45,22538.13,4,0
321,Spain,Female,18,19583.31,3,1
552,Spain,Female,25,14080.29,4,1
774,Germany,Female,54,62241.36,3,1
358,France,Male,49,78132.19,2,1
810,Germany,Female,65,57829.84,1,1
775,France,Female,60,14696.27,1,0
489,Germany,Male,54,81112.38,3,0
543,Spain,Female,21,63595.47,2,0
804,France,Male,47,38816.57,3,0
430,France,Female,23,67413.03,2,1
784,Germany,Female,63,25990.5,4,0
320,Germany,Female,36,34519.22,2,1
466,France,Male,49,91748.58,2,1
573,Germany,Female,26,29050.45,2,0
687,Germany,Female,29,46998.83,1,0
615,Germany,Female,28,89014.11,2,0
313,Spain,Male,63,70772.14,4,0
541,Spain,Male,33,6220.32,4,1
645,Germany,Female,18,14730.3,4,1
639,Germany,Male,62,784.16,2,0
391,Spain,Female,38,63092.18,3,1
666,Spain,Female,47,44767.34,3,1
754,France,Female,30,13427.49,4,1
727,France,Female,51,95793.41,1,0
808,Spain,Female,21,52965.97,3,1
334,Germany,Female,45,24189.33,2,0
505,Germany,Female,55,50060.36,3,0
380,Germany,Male,48,67962.03,4,1
687,Germany,Male,44,7623.92,1,1
301,France,Male,22,27470.38,3,0
689,Spain,Male,42,80696.55,3,1
405,Germany,Male,20,45966.49,4,1
776,France,Male,50,54657.71,1,0
701,Germany,Male,21,43281.6,1,0
461,Spain,Female,42,4389.99,4,0
501,France,Female,37,16574.98,2,0
569,Spain,Female,51,44554.16,3,1
570,Spain,Female,43,20918.55,2,1
755,France,Male,22,4997.9,3,0
761,France,Male,52,84364.97,3,0
551,France,Female,45,98119.25,2,0
595,France,Female,46,79314.29,4,1
637,France,Male,26,85378.49,4,0
352,France,Female,69,24197.71,3,1
516,France,Female,55,96062.7,4,0
487,Germany,Female,67,19692.57,3,0
679,Spain,Female,23,95142.98,4,0
792,France,Male,36,99481.93,3,1
340,Germany,Female,61,71172.28,4,1
456,Germany,Female,28,98114.37,1,1
314,Germany,Male,19,56953.98,2,0
364,Spain,Male,64,25954.18,1,1
820,France,Female,61,43699.59,2,1
643,Germany,Male,61,59356.09,2,0
428,Spain,Female,26,7308.16,3,0
771,Spain,Female,38,62234.33,2,1
362,Spain,Male,41,98117.78,1,1
438,Germany,Female,51,19010.76,1,1
798,France,Female,39,79259.51,4,1
691,Germany,Female,20,90789.88,1,0
718,Germany,Female,29,94370.16,4,0
588,France,Male,45,96013.56,2,0
678,France,Male,47,52145.96,1,1
789,France,Female,43,97730.79,2,1
530,Spain,Male,65,75731.02,1,0
340,France,Female,38,16167.14,1,0
327,Germany,Female,45,47690.01,4,1
434,France,Female,43,71833.12,2,1
500,Germany,Female,50,24734.03,1,0
332,Spain,Female,38,64061.52,3,0
347,Germany,Male,52,66660.05,2,0
802,Germany,Female,69,16269.97,2,1
706,France,Male,51,56508.53,2,1
398,France,Male,58,77162.69,4,1
846,Germany,Female,68,49889.57,3,1
761,France,Female,64,1210.31,2,1
304,Spain,Female,35,903.85,1,1
517,Spain,Female,28,35702.93,1,0
802,France,Female,40,92619.41,4,0
697,Spain,Male,65,22867.68,1,1
692,France,Female,39,63436.37,2,0
506,Germany,Female,34,22207.59,1,1
314,Germany,Male,22,32167.0,2,0
760,Spain,Male,61,84804.21,1,1
540,France,Female,28,72886.14,3,0
395,France,Male,47,9539.93,4,0
784,Spain,Female,32,42870.2,4,1
706,Germany,Male,44,2916.98,3,1
530,Spain,Male,52,48089.01,3,0
470,Germany,Female,50,66243.4,4,0
840,France,Male,37,11850.26,3,1
335,Germany,Male,33,28888.49,2,0
824,Spain,Male,51,39783.66,1,1
459,France,Male,19,91953.1,4,1
542,Spain,Male,52,99325.5,3,0
385,Spain,Male,57,4491.13,2,1
327,Germany,Female,45,76100.79,4,0
639,Spain,Female,64,37172.41,3,0
630,Germany,Male,56,39245.82,4,1
805,France,Female,23,75426.5,3,0
647,Germany,Female,26,91842.64,4,1
772,France,Female,37,95092.86,2,1
530,Germany,Male,18,57712.26,2,1
489,Spain,Female,25,35712.12,1,0
524,Germany,Male,40,78754.91,4,1
684,Germany,Female,20,25100.14,1,0
676,France,Male,21,56407.4,4,1
582,Spain,Male,42,35857.85,3,1
558,Germany,Female,64,65663.11,3,1
658,Spain,Female,55,24039.89,1,0
755,Germany,Male,32,19159.29,4,0
710,Germany,Female,38,91823.91,1,1
617,Spain,Female,52,10180.37,2,1
524,Germany,Female,63,50595.79,1,0
533,Spain,Male,69,22085.28,1,0
673,Germany,Male,31,3893.0,3,0
771,France,Female,53,3601.88,1,1
532,Spain,Female,29,17522.18,4,0
412,Germany,Female,34,86677.04,3,1
796,Germany,Male,56,28247.87,1,0
741,France,Male,26,95045.92,2,1
567,Spain,Female,52,58162.23,1,1
809,Germany,Female,30,43661.42,1,1
685,France,Female,32,58008.88,1,0
686,Germany,Female,35,51669.84,3,0
412,Spain,Female,68,75877.63,4,0
380,Germany,Female,50,28249.61,2,1
412,Germany,Male,23,35305.04,1,1
301,Germany,Female,44,89409.43,4,0
519,Germany,Male,40,94645.65,4,1
524,France,Female,44,89255.82,3,1
684,France,Female,51,41944.8,2,1
702,Spain,Male,63,78036.55,3,0
429,France,Male,55,47633.57,4,1
352,France,Male,31,49753.99,4,0
715,Spain,Male,53,20468.01,4,0
546,France,Female,25,59113.03,3,0
738,France,Male,52,18613.59,2,0
502,Spain,Female,36,33156.47,1,0
483,Spain,Male,47,85503.02,3,1
422,Spain,Female,31,20707.58,4,0
700,Germany,Female,37,7115.83,3,0
593,Germany,Female,66,6900.76,4,0
579,Spain,Female,42,94078.45,1,1
497,Spain,Female,57,50692.04,1,1
810,Spain,Female,41,40941.21,2,1
443,Germany,Male,31,81087.86,4,1
500,Germany,Female,43,83582.59,2,0
423,France,Male,55,33219.1,2,0
486,France,Male,40,69361.81,1,1
625,Spain,Female,39,77112.28,3,1
763,Germany,Male,65,65465.07,3,1
648,Germany,Female,36,15159.51,2,1
702,Germany,Male,63,87588.31,1,0
645,Spain,Female,68,53909.46,4,1
810,France,Male,20,28247.24,3,1
446,Spain,Female,59,42522.82,2,1
447,France,Female,36,3757.11,3,1
788,France,Female,26,12786.68,3,1
850,Spain,Female,45,76554.68,4,1
637,France,Male,37,1.16,1,1
772,France,Female,62,41656.58,4,0
450,Germany,Male,24,52251.02,1,0
714,France,Male,31,5463.44,3,0
597,Spain,Male,26,97307.82,2,0
562,Spain,Female,36,22612.53,4,0
443,France,Male,64,30419.87,1,0
645,Germany,Male,69,30394.25,3,1
301,Germany,Male,31,23041.67,1,1
603,France,Female,55,147.38,1,0
553,France,Female,53,72934.48,1,1
752,Spain,Male,57,96684.55,3,0
336,France,Female,34,22429.35,2,1
459,Germany,Female,47,66304.72,2,1
308,France,Male,26,74189.63,2,1
532,Spain,Male,50,84842.54,1,1
398,Spain,Female,69,42262.92,3,1
507,Spain,Male,42,30293.09,1,1
430,Spain,Female,31,32529.51,2,0
703,Spain,Female,28,71262.13,2,0
451,France,Female,52,81677.95,3,1
353,France,Female,58,18161.4,1,0
419,France,Female,31,37094.1,4,1
719,France,Female,47,90194.02,4,0
721,Spain,Male,58,80669.35,2,1
403,Germany,Male,21,98485.84,3,0
553,France,Female,21,75424.83,1,1
526,Germany,Female,45,39319.52,1,0
411,France,Female,25,59063.78,2,1
809,France,Male,19,66101.43,2,0
772,Germany,Female,58,7845.58,1,1
398,Spain,Male,63,54449.7,1,1
452,France,Female,39,70932.08,2,1
637,France,Female,58,16732.13,1,0
462,France,Male,33,78063.17,4,0
460,Germany,Male,46,58377.28,2,0
697,Spain,Female,66,95222.18,1,1
576,Germany,Female,65,4242.23,2,0
803,Germany,Female,47,26532.61,3,1
691,Spain,Male,29,60155.39,2,0
434,Germany,Male,52,29655.99,2,0
494,Spain,Male,28,71442.42,3,0
700,France,Male,63,75900.53,4,0
332,Spain,Male,67,10251.6,1,1
759,France,Male,38,51385.45,3,0
769,Germany,Female,38,50889.06,2,0
674,Germany,Female,22,36928.08,1,1
321,France,Male,65,93292.49,3,1
337,Germany,Female,37,82750.63,1,0
529,Spain,Female,54,69720.94,1,0
664,France,Male,20,71432.66,3,1
737,Germany,Female,61,46171.61,1,1
582,France,Male,50,92099.45,4,1
326,Spain,Male,26,69459.54,3,0
525,Spain,Female,26,72898.11,4,0
576,Germany,Male,21,86169.09,2,0
583,Spain,Male,52,27407.16,1,1
780,France,Male,34,80707.09,2,1
752,Spain,Male,51,19524.06,2,1
815,France,Male,41,34534.2,1,0
846,France,Male,49,33561.05,3,1
491,Spain,Male,18,97852.55,1,0
348,Germany,Male,25,85653.72,2,1
811,Spain,Female,62,70116.99,2,0
316,France,Female,40,72705.68,3,0
471,France,Female,64,56207.28,1,1
519,Spain,Male,57,94709.07,2,0
457,Germany,Male,29,49625.88,4,1
776,Germany,Female,29,38051.77,2,0
345,France,Female,63,16303.53,2,1
672,France,Female,64,78620.57,3,1
817,Germany,Male,32,73444.39,4,0
398,Spain,Female,58,38435.5,2,1
336,France,Female,36,2519.34,2,0
579,France,Male,43,83899.73,4,1
648,Germany,Female,69,1141.8,1,1
796,Spain,Male,46,70369.98,1,1
601,Germany,Male,39,97025.71,2,1
480,Spain,Male,57,43766.13,2,0
398,Spain,Female,38,23497.34,1,1
415,Spain,Female,68,70487.1,3,1
490,France,Male,55,81712.81,4,0
552,Germany,Female,37,54643.03,4,0
460,Germany,Female,46,96703.53,3,0
555,Spain,Female,68,5166.87,3,0
622,France,Female,21,50479.56,3,0
427,France,Male,24,71845.39,3,0
317,Germany,Female,45,86264.05,3,1
622,France,Male,45,17925.56,3,0
587,France,Male,21,80000.35,4,1
454,Spain,Female,39,55270.71,3,0
789,France,Male,29,39655.37,1,1
685,Spain,Female,62,13171.5,3,1
403,Germany,Female,20,86529.58,3,1
692,France,Male,39,15727.32,4,0
545,Germany,Male,61,30978.79,4,0
475,Germany,Male,19,29004.55,3,0
338,France,Male,41,87141.4,4,0
776,France,Female,51,67270.3,2,1
837,Germany,Female,44,79668.14,4,0
707,France,Female,58,25046.79,4,1
824,Spain,Male,18,62487.41,4,1
805,Spain,Male,25,57174.6,4,0
335,France,Male,40,83283.04,1,0
319,Germany,Female,55,90608.71,1,0
620,France,Male,23,1215.68,1,1
811,France,Female,39,67401.99,3,0
699,Germany,Male,42,5183.58,3,1
770,Germany,Female,35,54885.87,2,0
442,Spain,Female,34,28763.27,1,1
391,Germany,Male,29,30677.66,3,0
653,Spain,Male,23,35295.85,4,0
350,Germany,Female,43,62129.24,4,1
489,France,Female,44,33405.0,1,0
424,Spain,Male,25,73269.91,2,0
449,Spain,Male,36,40452.74,2,0
613,Spain,Female,59,6835.32,4,0
641,France,Male,18,78375.98,2,0
604,France,Female,46,28575.83,1,0
353,France,Female,62,43276.69,4,0
743,France,Male,66,68544.39,3,1
563,France,Male,52,33245.62,3,1
352,Spain,Male,57,5658.57,2,0
304,France,Male,31,37392.1,4,0
402,Spain,Male,52,94444.86,4,0
495,France,Female,65,64173.44,3,1
649,Germany,Female,62,67147.91,4,1
346,Spain,Male,37,63228.22,4,0
568,Germany,Male,66,19899.21,4,1
669,Spain,Male,30,41833.39,2,0
405,Germany,Female,55,75093.98,4,0
419,France,Male,66,10137.29,1,0
357,France,Male,63,27785.28,2,0
645,France,Female,66,27631.91,4,1
773,Spain,Female,25,43201.89,4,1
416,Germany,Male,60,98036.87,1,0
426,France,Male,37,6750.25,2,1
692,Germany,Male,50,51870.1,3,1
357,Germany,Female,43,17936.47,3,0
812,France,Male,56,97067.65,2,1
395,France,Male,38,11330.35,4,0
417,Germany,Male,66,40360.1,4,0
787,France,Female,59,73788.5,3,0
536,France,Female,60,70455.44,3,0
571,France,Male,58,42272.86,3,1
488,Spain,Male,26,34652.42,1,0
746,Germany,Female,41,39761.24,3,1
546,Germany,Female,54,26427.63,1,0
375,Spain,Female,66,20533.29,2,0
453,Germany,Female,58,48303.97,4,1
734,France,Female,34,26853.38,3,0
385,Germany,Female,41,28746.17,4,1
584,France,Female,38,65675.61,4,1
519,Spain,Female,68,96853.73,3,0
368,France,Female,56,60363.72,3,0
346,Germany,Male,58,7697.95,2,0
393,Germany,Male,56,7558.36,1,0
752,Germany,Male,30,95142.32,1,0
503,Spain,Female,28,29729.08,4,0
517,Spain,Male,63,9206.7,3,1
773,Germany,Female,36,59904.46,2,1
731,France,Female,28,62364.88,2,0
640,Spain,Male,30,64850.48,2,1
850,Germany,Female,63,26740.2,2,1
588,Germany,Male,62,1511.07,2,0
553,Spain,Male,18,96501.54,1,0
656,Spain,Male,57,25089.3,1,1
322,Spain,Female,61,67602.63,1,0
821,France,Male,36,70662.99,3,1
399,France,Female,29,61000.74,4,0
479,Germany,Male,25,31290.74,2,1
522,Spain,Male,25,27109.63,3,1
741,France,Male,62,59766.83,2,1
624,Spain,Female,29,86609.56,1,1
815,Germany,Female,65,94673.37,3,0
315,France,Female,50,10590.58,1,0
635,France,Male,62,15482.86,2,1
557,France,Male,43,94473.63,2,1
796,Germany,Female,56,73653.52,4,0
459,Spain,Female,45,88299.38,2,0
774,France,Female,22,20263.26,1,1
679,Germany,Female,25,58758.59,2,1
844,Spain,Female,42,70113.96,4,1
726,Germany,Female,44,68011.19,4,1
567,Spain,Male,63,40815.17,1,1
716,Germany,Female,40,1539.49,3,0
467,Spain,Male,47,58292.61,2,1
342,France,Male,62,25310.15,4,0
584,Spain,Female,64,45025.42,2,0
696,Germany,Female,40,95758.1,2,0
311,Germany,Male,66,39903.53,3,1
601,Spain,Female,64,83980.16,4,0
552,France,Female,37,18854.06,2,0
798,France,Male,35,67246.05,4,0
334,Spain,Male,35,97700.7,1,0
389,Spain,Male,19,10189.31,1,1
717,Germany,Female,21,831.99,2,1
414,France,Male,47,43358.28,4,0
495,Spain,Female,50,9262.55,2,0
800,France,Male,53,74838.43,4,1
792,Spain,Male,35,91454.87,4,1
374,Spain,Male,54,43402.1,3,1
712,France,Female,36,25871.16,3,0
675,Spain,Female,64,43440.33,3,1
719,Spain,Male,45,72344.78,2,0
576,Germany,Male,57,905.42,3,0
693,Spain,Male,37,58945.4,3,1
756,Spain,Female,66,61329.17,1,0
491,Spain,Male,50,63768.82,4,1
398,Germany,Female,29,24202.21,4,0
847,France,Male,68,71405.27,3,1
395,Germany,Male,32,9139.15,4,0
489,Germany,Male,58,19927.03,1,0
336,France,Male,56,87747.0,1,1
668,Germany,Male,19,73872.32,3,1
824,France,Male,46,1374.56,1,1
578,Germany,Female,58,24837.63,4,1
516,France,Male,27,21440.65,2,0
572,Spain,Female,19,27080.63,4,1
361,Germany,Male,68,24755.98,2,1
641,Germany,Male,28,6252.63,3,0
696,Germany,Female,30,45894.05,2,1
318,Germany,Male,27,73273.35,1,1
476,Spain,Female,31,60673.17,4,0
695,Germany,Female,35,67287.17,2,1
744,Spain,Male,68,8114.92,4,1
532,Spain,Female,26,95149.07,3,1
375,Spain,Female,56,83849.18,3,1
564,Spain,Male,45,80509.03,1,1
754,France,Female,20,82298.38,3,1
683,France,Male,37,93271.05,2,0
805,Germany,Male,23,54425.4,3,1
666,France,Male,44,20028.2,1,0
443,France,Male,19,61678.36,4,0
368,Germany,Female,46,74288.15,4,0
398,Germany,Male,55,73791.74,3,0
695,Germany,Male,20,52144.9,2,1
324,France,Female,33,6845.87,1,1
768,France,Male,47,37111.29,2,1
783,Germany,Male,57,92076.66,1,0
450,Spain,Female,19,58444.89,3,1
443,Germany,Female,34,53833.19,1,1
338,Spain,Female,58,26885.35,1,1
408,Spain,Female,29,36844.89,3,0
341,Germany,Female,52,89534.61,2,0
485,Germany,Female,60,66646.3,3,1
697,Germany,Female,18,78738.7,1,0
522,France,Male,62,45434.54,3,0
432,Spain,Female,32,63024.72,1,1
462,France,Female,43,24838.36,3,0
514,France,Female,54,70546.08,4,0
534,Germany,Male,38,42760.13,4,1
308,France,Male,66,44254.55,3,0
373,Germany,Female,48,64932.23,2,0
791,Spain,Female,42,93628.06,1,0
552,Germany,Female,40,6400.63,4,0
529,France,Male,41,82474.32,2,0
818,France,Male,55,29238.31,1,0
473,Germany,Female,45,44391.95,4,0
467,Germany,Male,38,2191.33,4,0
469,France,Female,60,30104.61,3,1
692,Spain,Male,35,50263.12,1,1
493,Spain,Male,53,5617.61,2,1
816,Germany,Female,52,49109.57,2,1
328,Spain,Female,62,92711.06,2,0
464,France,Female,26,10539.32,1,1
721,Germany,Female,55,76444.07,2,1
638,France,Male,47,40967.11,2,0
795,France,Male,61,65517.37,2,0
664,Spain,Male,51,26023.66,3,0
641,Germany,Female,49,15949.23,3,0
799,Germany,Male,20,16046.26,1,0
810,Spain,Female,20,7049.19,1,1
626,France,Male,45,18564.67,2,0
516,France,Female,61,66421.94,3,1
600,France,Female,32,88169.06,4,1
431,France,Male,58,81412.57,4,0
369,Germany,Female,40,68513.43,2,1
551,Germany,Female,57,11043.19,2,1
714,Spain,Male,28,28918.74,3,0
744,Spain,Female,65,30980.69,3,1
481,Germany,Female,49,24995.69,3,1
466,Germany,Female,53,51500.57,1,1
390,France,Male,50,53555.38,1,0
830,France,Male,41,35688.6,2,0
338,Spain,Female,56,35378.92,1,0
425,Germany,Male,51,82855.56,3,1
750,Spain,Female,45,78929.28,3,0
472,Germany,Female,54,30779.58,1,1
519,France,Female,24,91378.84,4,0
357,Spain,Female,21,95281.5,2,1
775,Spain,Female,54,32674.25,4,0
755,Germany,Male,18,35442.49,2,0
660,France,Female,18,50563.42,4,1
300,Spain,Male,64,94112.08,1,0
686,France,Male,37,87631.94,2,1
647,Spain,Female,36,10256.8,2,0
489,France,Female,46,39273.07,2,0
804,Germany,Male,27,55337.12,3,1
490,Spain,Male,35,50313.25,3,1
807,Spain,Male,45,19386.31,4,1
668,France,Female,52,85881.68,1,0
708,France,Male,60,67694.08,3,1
416,Spain,Female,64,83790.84,2,0
433,Germany,Female,48,85876.43,3,1
357,France,Female,44,74835.59,1,1
472,France,Male,28,43921.06,3,1
448,France,Female,66,61054.68,2,1
379,Spain,Female,66,16036.54,4,1
512,Spain,Female,55,67364.54,2,1
502,Spain,Female,22,17925.33,1,0
528,Spain,Female,25,69394.96,4,1
526,Germany,Male,51,22959.82,3,0
831,Germany,Female,65,11755.13,3,1
740,Spain,Female,69,16528.45,3,1
701,Germany,Male,29,199.21,4,1
346,France,Female,55,71873.96,2,0
532,France,Male,18,73240.1,4,0
604,France,Female,48,51493.33,4,1
825,Spain,Male,21,16136.28,1,0
442,France,Male,66,8355.43,4,1
714,Germany,Female,62,1912.9,3,1
812,Spain,Female,67,16574.82,2,0
672,Germany,Female,22,89085.55,2,0
558,France,Male,47,24153.68,2,0
770,France,Male,41,35427.13,3,0
311,France,Male,20,10534.55,3,1
629,Spain,Female,28,22236.13,3,0
657,Germany,Male,62,51922.46,3,0
707,Spain,Male,21,60775.27,3,1
672,Spain,Female,43,24535.23,4,0
307,France,Male,44,5773.22,3,0
421,Spain,Male,63,39103.29,3,0
647,Spain,Female,60,23420.34,3,0
389,France,Male,44,21955.39,3,1
615,Spain,Female,59,95986.28,2,1
477,France,Female,68,61630.05,3,0
839,France,Female,67,55687.84,4,0
340,France,Female,23,41577.51,4,1
801,France,Female,32,42894.43,4,0
444,Spain,Male,47,54090.5,1,0
500,France,Male,59,69642.98,2,0
760,France,Female,54,70214.61,3,0
846,Spain,Female,54,17169.39,1,0
552,Spain,Male,59,50011.28,3,0
689,Germany,Female,54,41195.81,1,0
555,Spain,Female,52,87052.7,1,0
749,Spain,Female,40,63141.89,4,0
309,Germany,Male,23,53250.41,4,1
541,Spain,Male,21,11539.46,1,1
550,Spain,Female,35,60563.79,4,1
304,Spain,Female,26,11720.39,1,0
418,Spain,Male,66,33720.66,2,0
673,Germany,Male,46,14284.2,4,1
364,Spain,Female,30,69207.36,4,0
445,Spain,Female,64,20625.21,4,1
523,Germany,Male,69,39185.94,2,0
538,France,Male,34,89567.48,1,1
476,Germany,Male,62,20431.64,3,1
581,France,Female,49,50780.51,4,1
362,Germany,Male,65,41927.17,1,0
516,Germany,Female,39,1812.4,2,1
760,Spain,Male,21,79275.81,3,0
404,France,Male,22,6904.59,4,0
398,Spain,Male,54,47425.5,2,0
810,France,Male,58,56067.83,2,0
684,Germany,Female,66,62842.65,3,0
704,Germany,Female,30,68863.16,1,0
817,France,Male,51,25327.24,4,0
775,Spain,Female,62,997.88,4,1
736,Spain,Male,39,72344.37,1,1
322,Spain,Male,40,53565.66,1,1
757,Spain,Male,68,83611.77,1,0
382,Germany,Male,20,82138.84,3,0
444,Germany,Female,59,84332.62,3,0
384,Germany,Male,51,48509.47,4,0
377,Germany,Male,49,33362.84,3,1
756,Germany,Female,62,79155.82,2,0
300,Spain,Male,68,45129.41,4,1
350,Spain,Male,66,18344.22,3,0
745,Spain,Male,38,85497.4,1,1
748,Spain,Female,63,88255.99,2,0
787,Germany,Male,61,46630.98,1,1
333,Germany,Female,38,7569.97,4,0
647,Germany,Male,61,38782.61,1,1
394,France,Male,28,80353.77,3,0
371,Spain,Female,56,90177.4,3,1
850,Spain,Male,21,20347.27,4,1
453,Germany,Male,68,6697.36,1,0
549,Spain,Female,18,87735.05,4,1
737,Spain,Female,45,38940.49,1,0
417,Germany,Female,41,54176.1,2,0
605,France,Female,52,96806.58,3,0
567,France,Female,30,6656.47,4,1
353,France,Male,64,64831.8,2,1
535,Germany,Female,51,7410.54,2,0
688,Spain,Male,28,37546.89,4,0
700,Germany,Male,53,80381.45,4,1
602,Germany,Male,68,43347.22,2,1
506,Spain,Female,34,99718.24,1,1
528,France,Female,52,55905.93,2,0
374,France,Male,35,32116.22,4,0
734,Germany,Female,57,22011.13,2,0
402,France,Female,39,35052.05,1,0
721,Germany,Female,41,37253.33,3,0
605,Germany,Female,36,6871.37,3,1
397,Spain,Male,54,36957.42,2,0
634,Spain,Male,56,46423.85,1,1
734,Spain,Female,38,72273.78,3,1
746,Germany,Male,25,65672.95,2,0
607,Spain,Female,45,70876.57,2,1
548,France,Female,22,836.37,1,0
465,France,Male,34,21766.74,4,1
780,Germany,Male,54,66168.43,2,0
634,Germany,Male,53,48398.94,4,0
841,Spain,Female,36,531.35,4,1
405,Germany,Male,44,80449.46,3,0
380,Germany,Female,51,77280.96,4,1
432,France,Male,28,54841.92,1,0
437,France,Male,62,6646.33,3,0
483,Spain,Female,64,76651.5,3,0
700,Germany,Female,29,58371.36,3,1
629,Germany,Female,38,78196.0,2,1
807,France,Female,28,75174.7,2,0
368,Germany,Female,56,80300.21,4,1
845,France,Female,45,51800.81,3,0
352,Spain,Female,22,14032.45,3,1
749,France,Female,34,67115.75,1,1
504,Germany,Male,37,62047.38,4,0
425,Spain,Female,58,74225.32,1,0
342,France,Female,63,16988.1,4,0
410,France,Male,29,19497.52,4,0
482,Spain,Female,23,89040.95,2,0
394,Spain,Male,34,74997.78,2,1
673,France,Male,68,90822.85,1,1
819,Germany,Female,36,75871.53,4,0
659,France,Male,43,59715.53,3,0
580,Spain,Female,65,65413.27,2,0
494,France,Male,61,88912.79,3,1
494,Spain,Male,61,57880.68,1,0
392,Spain,Male,69,63239.13,2,0
360,Germany,Female,49,15647.67,2,1
350,Spain,Female,23,47392.12,4,1
702,Spain,Male,53,71639.71,1,1
304,Germany,Male,55,27094.27,4,1
765,Spain,Female,28,20225.42,2,0
833,Germany,Female,50,31382.68,1,1
704,Germany,Male,41,24150.06,2,1
812,Spain,Male,40,21491.26,1,0
532,Spain,Female,32,42485.08,2,0
823,France,Female,44,90783.85,3,0
645,Germany,Female,28,50705.96,3,1
345,France,Female,68,18792.04,4,0
845,Spain,Female,67,7697.17,3,1
377,France,Male,34,69615.61,2,1
372,Germany,Female,68,38279.88,2,1
548,France,Male,31,82183.09,3,0
346,Germany,Female,44,65951.08,4,1
420,Spain,Male,35,79624.15,3,0
513,Spain,Female,45,27194.6,1,0
538,Germany,Female,68,69235.89,1,0
355,Spain,Male,64,26406.2,1,1
649,Spain,Male,64,93906.85,3,1
406,Spain,Female,21,63637.43,3,1
347,Spain,Female,24,32451.18,3,0
636,Germany,Female,62,26951.19,1,1
325,France,Female,52,19092.66,4,1
556,France,Female,65,69464.1,2,1
307,Spain,Male,26,21871.56,3,1
552,France,Male,25,59530.33,4,1
602,France,Female,69,26463.5,2,0
355,Spain,Male,62,66196.89,2,0
825,Spain,Male,34,81493.97,2,0
773,France,Male,34,77802.52,4,0
327,Germany,Female,66,76085.13,4,1
377,Spain,Male,50,18772.24,1,0
515,Germany,Female,49,8838.49,4,1
685,France,Male,25,69894.88,4,0
664,Spain,Female,36,36834.72,4,0
825,Germany,Male,55,43234.62,2,0
611,Spain,Female,20,3114.91,3,1
306,France,Female,22,25957.64,1,1
302,Germany,Male,30,3367.64,3,0
662,France,Female,64,87918.58,3,1
807,France,Female,63,24339.67,4,0
573,Spain,Female,48,55733.72,1,0
805,Germany,Female,33,3897.93,3,0
314,France,Female,67,66684.74,3,1
491,France,Female,49,32302.73,1,0
784,Germany,Female,39,89791.92,4,0
327,France,Female,46,88811.82,3,0
338,France,Male,39,32529.06,2,1
572,Germany,Male,60,90096.09,3,0
530,Germany,Female,20,99615.77,2,1
385,Germany,Female,27,82541.57,4,0
773,Germany,Male,59,84487.13,3,1
425,Spain,Male,38,24900.87,1,0
836,Germany,Male,33,57670.24,1,0
444,Spain,Female,29,6725.59,3,1
824,Spain,Male,19,9491.79,4,1
511,Spain,Female,58,99889.26,4,0
324,France,Female,41,32663.92,1,1
693,Spain,Male,52,74818.39,3,0
366,Spain,Female,47,80666.51,4,0
532,France,Female,47,85802.33,1,0
408,France,Female,64,99762.83,2,1
445,France,Female,52,24149.65,3,0
410,Germany,Male,36,4035.08,2,1
527,France,Male,67,41119.15,2,0
410,France,Female,25,13008.07,4,1
769,Spain,Female,43,2242.59,4,1
333,France,Male,66,36042.68,4,0
668,Germany,Female,57,78373.83,3,1
724,France,Male,24,56618.07,2,0
817,Germany,Female,47,31277.8,3,0
581,France,Female,24,65434.2,4,0
619,France,Male,20,23201.82,2,0
742,France,Male,18,1438.14,3,0
614,France,Male,53,76435.34,3,1
676,Germany,Male,42,62374.31,1,0
588,Germany,Female,54,76230.26,3,1
736,Spain,Male,18,3893.8,4,1
576,Germany,Female,32,83711.96,3,0
802,France,Male,54,61952.62,2,1
815,Spain,Male,30,56339.54,3,0
649,Spain,Female,57,62461.4,1,1
745,Spain,Male,25,86443.32,2,1
649,France,Male,22,58693.65,2,1
436,Germany,Male,26,58095.04,1,0
542,France,Male,18,99067.92,4,1
842,Spain,Female,53,75673.02,2,0
339,France,Female,52,44229.38,4,1
528,France,Male,19,70739.7,2,1
847,Germany,Male,57,38923.05,2,1
522,Germany,Male,40,22887.55,4,1
305,Spain,Female,26,59685.19,2,0
621,France,Female,51,92818.21,4,0
767,France,Female,63,92913.95,1,1
374,Germany,Female,31,34190.53,4,1
303,France,Male,21,52767.75,1,0
417,France,Male,47,21163.59,2,0
803,France,Male,48,99563.11,4,0
740,Germany,Female,55,98111.79,2,0
493,Spain,Male,28,64950.89,4,1
691,Spain,Female,52,80441.41,1,1
325,France,Female,25,71510.02,1,0
734,Spain,Male,20,59315.82,4,0
472,Germany,Male,31,5334.8,1,0
599,Germany,Male,30,45476.43,2,0
625,Spain,Female,62,67478.63,2,0
709,Spain,Female,49,67753.16,3,0
417,France,Male,51,37312.26,1,1
524,Spain,Male,62,94169.2,2,1
831,France,Female,36,16735.7,4,1
412,France,Male,55,50035.94,1,0
439,Germany,Female,33,69088.4,2,0
300,Germany,Female,19,69713.58,1,0
389,Germany,Male,57,64863.9,4,1
619,Germany,Male,34,27528.82,2,0
849,Spain,Male,51,15620.66,3,0
438,Germany,Male,59,63594.03,3,1
810,Spain,Female,33,59930.21,1,0
558,Germany,Female,55,17935.6,4,1
309,Spain,Female,19,70513.91,2,1
560,France,Male,19,45517.2,4,0
471,Spain,Female,43,66776.06,2,1
312,Spain,Male,30,83736.71,1,0
467,Germany,Male,64,16972.84,2,1
620,Spain,Male,48,1914.49,4,0
618,France,Male,51,77910.26,4,1
628,France,Male,56,60969.74,1,0
849,Germany,Male,20,69963.96,4,1
718,France,Female,25,83815.5,2,1
394,Spain,Male,40,80281.09,1,1
617,France,Female,31,96092.01,2,0
535,Germany,Female,44,53593.51,4,0
633,Spain,Male,46,48849.56,1,1
675,Germany,Male,56,40188.72,2,0
758,Spain,Male,56,15369.1,4,1
436,France,Female,18,57260.72,4,0
846,Germany,Male,34,27701.25,3,1
812,Germany,Female,58,92130.75,4,0
595,Spain,Male,47,58319.08,2,1
619,Germany,Male,30,59284.02,1,1
648,Spain,Female,38,35492.47,3,1
528,Spain,Female,36,5198.94,4,1
569,Spain,Male,36,3174.38,4,0
590,Spain,Female,42,42333.51,4,1
464,France,Female,39,8456.54,2,0
304,Spain,Female,48,60684.7,3,0
678,Germany,Female,34,88097.3,2,1
377,France,Female,40,88291.48,3,0
709,Germany,Male,49,65904.54,1,0
431,France,Male,27,21123.18,2,0
341,Spain,Female,27,86299.68,2,1
388,France,Male,53,88609.34,1,0
701,France,Male,25,19665.36,3,0
595,Germany,Female,69,73742.61,4,1
594,Germany,Male,37,28651.95,1,1
825,Spain,Female,49,80264.03,4,0
721,France,Female,67,99723.79,4,1
322,France,Male,31,3002.6,1,0
442,France,Female,67,89736.59,3,0
444,Spain,Female,45,62263.05,4,0
524,Spain,Female,63,97338.26,1,1
802,Spain,Female,69,46500.95,2,0
403,Spain,Female,41,84738.79,2,1
338,Spain,Male,32,6239.41,2,1
497,Germany,Male,39,33527.91,1,0
690,France,Female,47,6701.65,2,1
478,France,Female,21,97534.31,4,1
747,France,Male,30,81697.39,2,1
799,France,Female,40,85254.74,2,1
314,France,Male,25,93796.52,4,1
588,France,Female,35,8510.35,2,0
777,France,Female,29,38559.76,4,1
530,France,Female,48,7103.49,2,0
719,Germany,Female,31,21079.31,4,0
456,France,Female,51,22936.58,2,0
849,Germany,Female,35,46910.72,4,0
740,Spain,Female,51,26856.22,1,0
396,France,Male,28,10097.81,4,0
710,Spain,Male,58,16749.11,2,1
588,Spain,Male,29,14727.56,2,1
553,Spain,Female,66,97307.68,3,1
495,Germany,Female,32,75929.25,4,0
821,Spain,Female,48,96776.15,1,1
816,Spain,Female,66,43974.05,4,1
417,Spain,Female,46,27836.85,4,1
458,France,Female,43,79829.32,1,0
527,France,Female,35,32625.39,4,1
515,Germany,Male,49,29938.34,1,0
314,Germany,Female,39,23250.6,1,1
456,France,Male,55,12967.9,4,0
560,Germany,Male,34,25646.31,4,0
456,France,Female,40,35531.97,2,0
346,Spain,Female,41,67399.42,2,1
623,Spain,Male,67,6256.48,3,1
429,Germany,Male,25,21050.69,3,0
710,France,Female,58,80902.36,4,1
394,France,Female,23,14692.19,1,0
591,Germany,Male,22,34264.51,3,0
582,France,Female,61,86465.89,4,1
368,Spain,Female,46,15492.53,3,1
310,Germany,Female,45,8273.68,1,1
553,Germany,Male,28,48453.8,4,0
849,France,Male,18,30241.95,1,0
433,Germany,Male,60,56340.84,4,1
322,France,Female,36,80380.49,3,0
645,France,Female,26,13714.85,2,1
601,France,Male,44,58069.91,3,0
662,France,Male,51,50550.88,3,1
695,France,Male,61,14407.88,2,1
517,Germany,Female,21,62399.85,2,0
440,Spain,Male,53,27364.04,4,1
509,Spain,Male,35,48783.43,4,1
759,Germany,Female,32,8227.23,1,0
655,Germany,Female,68,45958.41,1,1
623,Spain,Female,30,30646.35,3,0
432,Spain,Male,36,82238.12,2,1
426,Spain,Female,66,5697.87,1,0
405,Spain,Female,23,41860.73,3,1
677,Spain,Male,65,45843.14,2,1
350,France,Female,29,72500.61,4,1
328,Germany,Male,68,57428.76,3,1
761,France,Male,54,66721.23,4,0
595,Spain,Female,34,77704.93,1,0
596,Spain,Female,40,86220.3,1,0
706,Spain,Female,43,31387.55,2,0
704,France,Female,46,53802.27,3,0
645,France,Female,50,84010.81,4,0
719,Spain,Female,44,98945.11,2,0
481,France,Male,42,88951.93,1,1
300,France,Male,27,37146.73,1,1
670,Spain,Female,64,19516.65,3,1
730,France,Male,40,48939.25,4,1
608,Germany,Female,38,74164.15,3,0
436,Germany,Male,38,49256.91,4,0
501,Germany,Male,60,48318.09,4,0
735,Germany,Male,30,83823.04,3,1
612,Spain,Female,54,36140.38,2,0
416,Spain,Male,50,85979.47,3,1
543,Spain,Female,41,40680.48,3,0
836,Germany,Male,61,32823.31,1,0
374,Germany,Male,28,45398.99,1,0
685,France,Male,34,76244.7,3,0
509,France,Male,21,12600.2,3,1
774,Germany,Male,64,19641.92,1,1
717,Germany,Female,42,95144.48,4,0
646,Germany,Female,47,17549.16,3,1
828,Germany,Male,26,56772.73,2,0
478,France,Male,38,57931.45,2,0
481,Germany,Male,37,48962.45,2,0
324,France,Male,36,64474.52,3,0
479,Germany,Female,36,22982.67,4,1
800,Germany,Male,29,55266.23,4,0
460,Germany,Female,54,37217.33,1,0
476,France,Male,59,66166.73,3,1
584,France,Female,34,14122.35,4,0
362,Spain,Male,54,57087.74,3,1
455,Germany,Male,65,18527.04,1,0
768,Spain,Female,56,27864.31,1,0
348,Spain,Male,45,21870.98,1,0
383,France,Male,58,18283.78,2,0
660,France,Male,52,82571.1,3,0
447,Spain,Female,64,28570.76,1,0
641,Germany,Male,65,92712.38,3,1
775,France,Male,35,96992.65,2,0
362,Germany,Female,31,57126.05,2,1
659,Germany,Female,52,14300.11,1,1
626,Spain,Female,61,37454.82,1,0
440,Spain,Male,58,79773.23,4,1
514,Spain,Male,24,36739.07,3,0
734,Spain,Male,58,8701.72,1,1
617,France,Female,30,55678.49,4,0
331,France,Male,35,84512.09,3,1
584,Spain,Male,54,79592.64,1,1
604,France,Female,30,17512.31,4,0
728,Spain,Female,53,67276.46,4,1
776,Germany,Female,48,22050.43,3,0
585,Germany,Female,19,21820.75,4,0
443,Germany,Female,33,87407.18,3,0
723,Spain,Male,26,24966.9,3,0
318,Germany,Female,26,26324.73,3,0
317,France,Male,55,65.34,2,1
670,Germany,Male,28,87066.9,4,1
474,Germany,Female,39,79259.48,3,1
493,Germany,Female,50,62732.89,1,0
801,France,Female,53,75026.58,2,1
412,Spain,Male,62,15204.86,2,1
413,France,Female,40,45832.36,4,1
521,Spain,Female,62,35121.94,3,1
563,Spain,Female,62,9377.65,4,1
354,Germany,Female,51,48613.05,2,0
757,Spain,Female,26,92073.97,3,0
461,France,Male,41,4005.91,1,1
679,France,Male,25,29146.09,3,0
386,Spain,Male,24,20754.09,2,0
354,Germany,Female,53,23814.67,1,1
775,Germany,Female,35,90843.46,3,1
477,France,Female,20,46806.91,1,0
690,Germany,Male,45,46629.94,1,1
648,Spain,Female,23,76057.56,2,0
307,Spain,Female,61,15449.22,1,0
612,France,Female,61,48726.54,4,1
742,Spain,Male,38,42998.52,2,0
627,France,Female,45,59691.07,4,0
353,Spain,Male,57,99955.77,1,0
538,France,Female,18,76944.89,4,1
528,Germany,Male,53,39786.57,3,1
350,Spain,Male,38,82755.31,1,1
563,Spain,Male,60,17070.84,3,1
717,France,Female,52,3046.37,4,0
395,France,Female,30,20444.84,3,1
387,Spain,Male,66,34041.16,1,1
377,France,Male,27,51058.08,3,1
587,Spain,Female,61,61512.91,4,1
419,Germany,Female,64,91060.57,4,0
790,France,Male,27,50985.4,4,0
751,Spain,Female,63,50127.56,1,0
799,Germany,Female,30,5024.3,4,1
464,Germany,Female,54,3491.16,1,1
481,Spain,Female,55,55116.0,3,0
768,France,Male,41,43817.86,4,1
306,Spain,Female,19,83918.04,3,1
629,Germany,Female,39,16067.96,2,0
450,Spain,Male,34,2497.17,3,0
384,France,Male,53,44903.88,2,1
446,Germany,Female,31,23747.86,3,1
680,Spain,Female,27,4961.44,1,1
847,France,Female,52,72459.83,3,0
584,Germany,Female,42,11159.3,1,0
381,France,Male,20,60831.95,1,0
813,Germany,Male,64,28104.98,4,0
822,Spain,Male,55,17349.61,1,1
685,France,Female,34,37975.15,2,0
770,Germany,Female,29,80144.58,4,0
418,France,Female,69,39209.36,4,1
695,France,Female,41,75076.96,3,1
831,Spain,Male,46,12548.63,1,1
560,France,Male,60,77277.14,1,0
555,Germany,Female,42,23693.33,2,1
525,Germany,Male,53,67739.31,3,1
352,Germany,Female,43,56578.16,3,0
799,Germany,Female,55,92914.47,4,0
805,Spain,Male,18,38732.25,4,1
663,France,Female,37,6616.52,4,0
579,Spain,Female,45,1915.55,2,1
457,France,Male,33,82685.86,2,1
358,France,Female,64,52473.56,4,0
427,France,Female,34,77524.41,3,1
414,Spain,Male,57,23442.56,2,0
508,France,Female,45,34508.37,3,0
825,Spain,Male,29,3010.39,3,0
820,Germany,Female,44,96149.23,1,1
536,Germany,Male,59,66786.79,4,0
580,France,Male,64,93320.51,1,0
658,Spain,Male,47,26549.64,4,1
500,Germany,Female,58,61146.36,4,1
577,Spain,Male,51,67850.0,3,1
534,Spain,Male,54,31754.97,4,1
793,France,Male,23,84810.92,3,0
303,Germany,Male,24,94716.15,3,0
741,France,Male,49,88485.51,4,0
328,France,Female,49,73906.7,3,1
408,Germany,Female,42,27746.47,3,1
374,Germany,Female,50,28161.6,3,0
445,Spain,Female,24,96336.03,2,1
427,Germany,Female,69,1028.45,3,1
341,Spain,Female,29,71605.0,2,0
655,Spain,Female,33,70624.62,2,0
340,Spain,Male,33,62268.95,3,1
333,Germany,Female,60,99010.88,3,1
316,France,Male,53,31187.94,2,1
452,Spain,Male,30,33997.19,2,0
